Workbook

Sheet Sheet1
A1: JOB ID | B1: JOB TITLE | C1: COMPANY NAME | D1: INDUSTRY | E1: JOB TYPE | F1: WORK MODE | G1: POSTED DATE | H1: COUNTRY | I1: STATE | J1: CITY | K1: SALARY MIN | L1: SALARY MAX | M1: SKILLS | N1: EXPERIENCE LEVEL | O1: JOB SOURCE
A2: 17850 | B2: DATA ANALYST | C2: ALPHA TECHNOLOGIES | D2: =IFERROR(INDEX(Sheet2!$B$2:$B$1132,MATCH(Sheet1!C2,Sheet1!$C$2:$C$1132,0)),"IDK") -> IT | E2: FULL-TIME | F2: WORK FROM OFFICE | G2: 45433 | H2: UNITED STATES | I2: California | J2: San Francisco | K2: =IFERROR(INDEX(Sheet2!$C$2:$C$1132,MATCH(Sheet1!C2,Sheet1!$C$2:$C$1132,0)),"") -> 35000 | L2: =IFERROR(INDEX(Sheet2!$D$2:$D$1132,MATCH(Sheet1!C2,$C$2:$C$1132,0)),"") -> 70000 | M2: SQL, EXCEL, POWERBI, TABLEAU | N2: ENTRY-LEVEL | O2: LINKEDIN
A3: 17851 | B3: DATA ENGINEER | C3: CSV HEALTH | D3: =IFERROR(INDEX(Sheet2!$B$2:$B$1132,MATCH(Sheet1!C3,Sheet1!$C$2:$C$1132,0)),"IDK") -> HEALTH | E3: FULL-TIME | F3: WORK FROM OFFICE | G3: 45337 | H3: UNITED STATES | I3: California | J3: San Jose | K3: =IFERROR(INDEX(Sheet2!$C$2:$C$1132,MATCH(Sheet1!C3,Sheet1!$C$2:$C$1132,0)),"") -> 25000 | L3: =IFERROR(INDEX(Sheet2!$D$2:$D$1132,MATCH(Sheet1!C3,$C$2:$C$1132,0)),"") -> 50000 | M3: SQL, PYTHON, AWS, SPARK, ETL | N3: ENTRY-LEVEL | O3: GLASSDOOR
A4: 17852 | B4: DATA SCIENTIST | C4: FACEBOOK | D4: =IFERROR(INDEX(Sheet2!$B$2:$B$1132,MATCH(Sheet1!C4,Sheet1!$C$2:$C$1132,0)),"IDK") -> SOCIAL | E4: FULL-TIME | F4: WORK FROM OFFICE | G4: 45528 | H4: UNITED STATES | I4: California | J4: Los Angeles | K4: =IFERROR(INDEX(Sheet2!$C$2:$C$1132,MATCH(Sheet1!C4,Sheet1!$C$2:$C$1132,0)),"") -> 30000 | L4: =IFERROR(INDEX(Sheet2!$D$2:$D$1132,MATCH(Sheet1!C4,$C$2:$C$1132,0)),"") -> 60000 | M4: PYTHON, MACHINE LEARNING,PANDAS, NUMPY | N4: ENTRY-LEVEL | O4: GLASSDOOR
A5: 17853 | B5: BUSINESS ANALYST | C5: STIER SOLUTIONS | D5: =IFERROR(INDEX(Sheet2!$B$2:$B$1132,MATCH(Sheet1!C5,Sheet1!$C$2:$C$1132,0)),"IDK") -> FINANCE | E5: FULL-TIME | F5: WORK FROM OFFICE | G5: 45628 | H5: UNITED STATES | I5: New York | J5: New York City | K5: =IFERROR(INDEX(Sheet2!$C$2:$C$1132,MATCH(Sheet1!C5,Sheet1!$C$2:$C$1132,0)),"") -> 35000 | L5: =IFERROR(INDEX(Sheet2!$D$2:$D$1132,MATCH(Sheet1!C5,$C$2:$C$1132,0)),"") -> 75000 | M5: EXCEL, SQL, TABLEAU, BUSINESS ANALYSIS | N5: ENTRY-LEVEL | O5: GLASSDOOR
A6: 17854 | B6: FINANCIAL ANALYST | C6: OPTUM | D6: =IFERROR(INDEX(Sheet2!$B$2:$B$1132,MATCH(Sheet1!C6,Sheet1!$C$2:$C$1132,0)),"IDK") -> IT | E6: FULL-TIME | F6: WORK FROM OFFICE | G6: 45314 | H6: UNITED STATES | I6: Texas | J6: Austin | K6: =IFERROR(INDEX(Sheet2!$C$2:$C$1132,MATCH(Sheet1!C6,Sheet1!$C$2:$C$1132,0)),"") -> 40000 | L6: =IFERROR(INDEX(Sheet2!$D$2:$D$1132,MATCH(Sheet1!C6,$C$2:$C$1132,0)),"") -> 80000 | M6: EXCEL, SQL, FINANCIAL MODELLING, BUDGETING | N6: ENTRY-LEVEL | O6: NAUKARI
A7: 17855 | B7: CYBER SECURITY | C7: TECUMEN LIMITED | D7: =IFERROR(INDEX(Sheet2!$B$2:$B$1132,MATCH(Sheet1!C7,Sheet1!$C$2:$C$1132,0)),"IDK") -> IT | E7: FULL-TIME | F7: WORK FROM OFFICE | G7: 45424 | H7: UNITED STATES | I7: Texas | J7: Dallas | K7: =IFERROR(INDEX(Sheet2!$C$2:$C$1132,MATCH(Sheet1!C7,Sheet1!$C$2:$C$1132,0)),"") -> 30000 | L7: =IFERROR(INDEX(Sheet2!$D$2:$D$1132,MATCH(Sheet1!C7,$C$2:$C$1132,0)),"") -> 55000 | M7: NETWORK SECURITY, ETHICAL HACKING, RISK ASSESSMENT | N7: ENTRY-LEVEL | O7: LINKEDIN
A8: 17856 | B8: AI/ML ENGINEER | C8: MINDSPACE | D8: =IFERROR(INDEX(Sheet2!$B$2:$B$1132,MATCH(Sheet1!C8,Sheet1!$C$2:$C$1132,0)),"IDK") -> IT | E8: FULL-TIME | F8: WORK FROM OFFICE | G8: 45442 | H8: UNITED STATES | I8: Texas | J8: Houston | K8: =IFERROR(INDEX(Sheet2!$C$2:$C$1132,MATCH(Sheet1!C8,Sheet1!$C$2:$C$1132,0)),"") -> 35000 | L8: =IFERROR(INDEX(Sheet2!$D$2:$D$1132,MATCH(Sheet1!C8,$C$2:$C$1132,0)),"") -> 70000 | M8: CLOUD, NETWORK, MACHINE LEARNING | N8: ENTRY-LEVEL | O8: NAUKARI
A9: 17857 | B9: RISK MANAGEMENT | C9: SKILLFIED SOLUTIONS | D9: =IFERROR(INDEX(Sheet2!$B$2:$B$1132,MATCH(Sheet1!C9,Sheet1!$C$2:$C$1132,0)),"IDK") -> IT | E9: FULL-TIME | F9: WORK FROM OFFICE | G9: 45425 | H9: UNITED STATES | I9: Washington | J9: Seattle | K9: =IFERROR(INDEX(Sheet2!$C$2:$C$1132,MATCH(Sheet1!C9,Sheet1!$C$2:$C$1132,0)),"") -> 25000 | L9: =IFERROR(INDEX(Sheet2!$D$2:$D$1132,MATCH(Sheet1!C9,$C$2:$C$1132,0)),"") -> 60000 | M9: RISK ANALYSIS, DATA ANALYSIS, EXCEL, STATISTICS | N9: MID-LEVEL | O9: INDEED
A10: 17858 | B10: MARKETING MANAGER | C10: MACROS PVT LTD | D10: =IFERROR(INDEX(Sheet2!$B$2:$B$1132,MATCH(Sheet1!C10,Sheet1!$C$2:$C$1132,0)),"IDK") -> IT | E10: FULL-TIME | F10: WORK FROM OFFICE | G10: 45454 | H10: UNITED STATES | I10: Massachusetts | J10: Boston | K10: =IFERROR(INDEX(Sheet2!$C$2:$C$1132,MATCH(Sheet1!C10,Sheet1!$C$2:$C$1132,0)),"") -> 25000 | L10: =IFERROR(INDEX(Sheet2!$D$2:$D$1132,MATCH(Sheet1!C10,$C$2:$C$1132,0)),"") -> 75000 | M10: GOOGLE ANALYTICS, SEO, SOCIAL MEDIA ANALYTICS, EXCEL | N10: MID-LEVEL | O10: LINKEDIN
A11: 17859 | B11: RISK MANAGEMENT | C11: INFROSOFT | D11: =IFERROR(INDEX(Sheet2!$B$2:$B$1132,MATCH(Sheet1!C11,Sheet1!$C$2:$C$1132,0)),"IDK") -> SOCIAL | E11: FULL-TIME | F11: WORK FROM OFFICE | G11: 45490 | H11: UNITED STATES | I11: Illinois | J11: Chicago | K11: =IFERROR(INDEX(Sheet2!$C$2:$C$1132,MATCH(Sheet1!C11,Sheet1!$C$2:$C$1132,0)),"") -> 20000 | L11: =IFERROR(INDEX(Sheet2!$D$2:$D$1132,MATCH(Sheet1!C11,$C$2:$C$1132,0)),"") -> 70000 | M11: RISK ANALYSIS, DATA ANALYSIS, EXCEL | N11: MID-LEVEL | O11: NAUKARI
A12: 17860 | B12: BUSINESS ANALYST | C12: INFRATECH LTD | D12: =IFERROR(INDEX(Sheet2!$B$2:$B$1132,MATCH(Sheet1!C12,Sheet1!$C$2:$C$1132,0)),"IDK") -> FINANCE | E12: FULL-TIME | F12: WORK FROM OFFICE | G12: 45568 | H12: UNITED STATES | I12: Georgia | J12: Atlanta | K12: =IFERROR(INDEX(Sheet2!$C$2:$C$1132,MATCH(Sheet1!C12,Sheet1!$C$2:$C$1132,0)),"") -> 40000 | L12: =IFERROR(INDEX(Sheet2!$D$2:$D$1132,MATCH(Sheet1!C12,$C$2:$C$1132,0)),"") -> 85000 | M12: SQL,EXCEL, BUSINESS ANALYSIS | N12: ENTRY-LEVEL | O12: INDEED
A13: 17861 | B13: FINANCIAL ANALYST | C13: SCALE AI SOLUTIONS | D13: =IFERROR(INDEX(Sheet2!$B$2:$B$1132,MATCH(Sheet1!C13,Sheet1!$C$2:$C$1132,0)),"IDK") -> IT | E13: FULL-TIME | F13: WORK FROM OFFICE | G13: 45654 | H13: UNITED STATES | I13: North Carolina | J13: Raleigh | K13: =IFERROR(INDEX(Sheet2!$C$2:$C$1132,MATCH(Sheet1!C13,Sheet1!$C$2:$C$1132,0)),"") -> 35000 | L13: =IFERROR(INDEX(Sheet2!$D$2:$D$1132,MATCH(Sheet1!C13,$C$2:$C$1132,0)),"") -> 90000 | M13: FINANCIAL ANALYSIS,EXCEL,BUDGETING | N13: MID-LEVEL | O13: MONSTER
A14: 17862 | B14: CYBER SECURITY | C14: SPECTRUM | D14: =IFERROR(INDEX(Sheet2!$B$2:$B$1132,MATCH(Sheet1!C14,Sheet1!$C$2:$C$1132,0)),"IDK") -> SOCIAL | E14: FULL-TIME | F14: WORK FROM OFFICE | G14: 45402 | H14: UNITED STATES | I14: Virginia | J14: Arlington | K14: =IFERROR(INDEX(Sheet2!$C$2:$C$1132,MATCH(Sheet1!C14,Sheet1!$C$2:$C$1132,0)),"") -> 30000 | L14: =IFERROR(INDEX(Sheet2!$D$2:$D$1132,MATCH(Sheet1!C14,$C$2:$C$1132,0)),"") -> 95000 | M14: ETHICAL HACKING, NETWORK SECURITY,OPEARTIONAL MANGEMENT | N14: HIGH-LEVEL | O14: GLASSDOOR
A15: 17863 | B15: DATA SCIENTIST | C15: GOOD SPACE AI | D15: =IFERROR(INDEX(Sheet2!$B$2:$B$1132,MATCH(Sheet1!C15,Sheet1!$C$2:$C$1132,0)),"IDK") -> IT | E15: FULL-TIME | F15: WORK FROM OFFICE | G15: 45433 | H15: UNITED STATES | I15: Florida | J15: Miami | K15: =IFERROR(INDEX(Sheet2!$C$2:$C$1132,MATCH(Sheet1!C15,Sheet1!$C$2:$C$1132,0)),"") -> 50000 | L15: =IFERROR(INDEX(Sheet2!$D$2:$D$1132,MATCH(Sheet1!C15,$C$2:$C$1132,0)),"") -> 100000 | M15: =IFERROR(INDEX($M$2:$M$1132,MATCH(B15,$B$2:$B$1132,0)),"") -> PYTHON, MACHINE LEARNING,PANDAS, NUMPY | N15: HIGH-LEVEL | O15: INDEED
A16: 17864 | B16: BUSINESS ANALYST | C16: OPTUM | D16: =IFERROR(INDEX(Sheet2!$B$2:$B$1132,MATCH(Sheet1!C16,Sheet1!$C$2:$C$1132,0)),"IDK") -> IT | E16: FULL-TIME | F16: WORK FROM OFFICE | G16: 45537 | H16: UNITED STATES | I16: Texas | J16: Dallas | K16: =IFERROR(INDEX(Sheet2!$C$2:$C$1132,MATCH(Sheet1!C16,Sheet1!$C$2:$C$1132,0)),"") -> 40000 | L16: =IFERROR(INDEX(Sheet2!$D$2:$D$1132,MATCH(Sheet1!C16,$C$2:$C$1132,0)),"") -> 80000 | M16: =IFERROR(INDEX($M$2:$M$1132,MATCH(B16,$B$2:$B$1132,0)),"") -> EXCEL, SQL, TABLEAU, BUSINESS ANALYSIS | N16: HIGH-LEVEL | O16: LINKEDIN
A17: 17865 | B17: DATA ANALYST | C17: TECUMEN LIMITED | D17: =IFERROR(INDEX(Sheet2!$B$2:$B$1132,MATCH(Sheet1!C17,Sheet1!$C$2:$C$1132,0)),"IDK") -> IT | E17: FULL-TIME | F17: WORK FROM OFFICE | G17: 45390 | H17: UNITED STATES | I17: New York | J17: New York City | K17: =IFERROR(INDEX(Sheet2!$C$2:$C$1132,MATCH(Sheet1!C17,Sheet1!$C$2:$C$1132,0)),"") -> 30000 | L17: =IFERROR(INDEX(Sheet2!$D$2:$D$1132,MATCH(Sheet1!C17,$C$2:$C$1132,0)),"") -> 55000 | M17: =IFERROR(INDEX($M$2:$M$1132,MATCH(B17,$B$2:$B$1132,0)),"") -> SQL, EXCEL, POWERBI, TABLEAU | N17: HIGH-LEVEL | O17: NAUKARI
A18: 17866 | B18: DATA ENGINEER | C18: MINDSPACE | D18: =IFERROR(INDEX(Sheet2!$B$2:$B$1132,MATCH(Sheet1!C18,Sheet1!$C$2:$C$1132,0)),"IDK") -> IT | E18: FULL-TIME | F18: WORK FROM OFFICE | G18: 45316 | H18: UNITED STATES | I18: Washington | J18: Seattle | K18: =IFERROR(INDEX(Sheet2!$C$2:$C$1132,MATCH(Sheet1!C18,Sheet1!$C$2:$C$1132,0)),"") -> 35000 | L18: =IFERROR(INDEX(Sheet2!$D$2:$D$1132,MATCH(Sheet1!C18,$C$2:$C$1132,0)),"") -> 70000 | M18: =IFERROR(INDEX($M$2:$M$1132,MATCH(B18,$B$2:$B$1132,0)),"") -> SQL, PYTHON, AWS, SPARK, ETL | N18: ENTRY-LEVEL | O18: MONSTER
A19: 17867 | B19: DATA SCIENTIST | C19: ALPHA TECHNOLOGIES | D19: =IFERROR(INDEX(Sheet2!$B$2:$B$1132,MATCH(Sheet1!C19,Sheet1!$C$2:$C$1132,0)),"IDK") -> IT | E19: FULL-TIME | F19: WORK FROM OFFICE | G19: 45416 | H19: UNITED STATES | I19: Illinois | J19: Chicago | K19: =IFERROR(INDEX(Sheet2!$C$2:$C$1132,MATCH(Sheet1!C19,Sheet1!$C$2:$C$1132,0)),"") -> 35000 | L19: =IFERROR(INDEX(Sheet2!$D$2:$D$1132,MATCH(Sheet1!C19,$C$2:$C$1132,0)),"") -> 70000 | M19: =IFERROR(INDEX($M$2:$M$1132,MATCH(B19,$B$2:$B$1132,0)),"") -> PYTHON, MACHINE LEARNING,PANDAS, NUMPY | N19: ENTRY-LEVEL | O19: INDEED
A20: 17868 | B20: DATA ANALYST | C20: SKILLFIED SOLUTIONS | D20: =IFERROR(INDEX(Sheet2!$B$2:$B$1132,MATCH(Sheet1!C20,Sheet1!$C$2:$C$1132,0)),"IDK") -> IT | E20: FULL-TIME | F20: WORK FROM OFFICE | G20: 45385 | H20: UNITED STATES | I20: Georgia | J20: Atlanta | K20: =IFERROR(INDEX(Sheet2!$C$2:$C$1132,MATCH(Sheet1!C20,Sheet1!$C$2:$C$1132,0)),"") -> 25000 | L20: =IFERROR(INDEX(Sheet2!$D$2:$D$1132,MATCH(Sheet1!C20,$C$2:$C$1132,0)),"") -> 60000 | M20: =IFERROR(INDEX($M$2:$M$1132,MATCH(B20,$B$2:$B$1132,0)),"") -> SQL, EXCEL, POWERBI, TABLEAU | N20: MID-LEVEL | O20: LINKEDIN
A21: 17869 | B21: DATA ANALYST | C21: MACROS PVT LTD | D21: =IFERROR(INDEX(Sheet2!$B$2:$B$1132,MATCH(Sheet1!C21,Sheet1!$C$2:$C$1132,0)),"IDK") -> IT | E21: FULL-TIME | F21: HYBRID | G21: 45478 | H21: EUROPE | I21: United Kingdom | J21: London | K21: =IFERROR(INDEX(Sheet2!$C$2:$C$1132,MATCH(Sheet1!C21,Sheet1!$C$2:$C$1132,0)),"") -> 25000 | L21: =IFERROR(INDEX(Sheet2!$D$2:$D$1132,MATCH(Sheet1!C21,$C$2:$C$1132,0)),"") -> 75000 | M21: =IFERROR(INDEX($M$2:$M$1132,MATCH(B21,$B$2:$B$1132,0)),"") -> SQL, EXCEL, POWERBI, TABLEAU | N21: MID-LEVEL | O21: NAUKARI
A22: 17870 | B22: DATA ANALYST | C22: INFROSOFT | D22: =IFERROR(INDEX(Sheet2!$B$2:$B$1132,MATCH(Sheet1!C22,Sheet1!$C$2:$C$1132,0)),"IDK") -> SOCIAL | E22: FULL-TIME | F22: WORK FROM OFFICE | G22: 45566 | H22: EUROPE | I22: United Kingdom | J22: Manchester | K22: =IFERROR(INDEX(Sheet2!$C$2:$C$1132,MATCH(Sheet1!C22,Sheet1!$C$2:$C$1132,0)),"") -> 20000 | L22: =IFERROR(INDEX(Sheet2!$D$2:$D$1132,MATCH(Sheet1!C22,$C$2:$C$1132,0)),"") -> 70000 | M22: =IFERROR(INDEX($M$2:$M$1132,MATCH(B22,$B$2:$B$1132,0)),"") -> SQL, EXCEL, POWERBI, TABLEAU | N22: MID-LEVEL | O22: INDEED
A23: 17871 | B23: DATA ANALYST | C23: INFRATECH LTD | D23: =IFERROR(INDEX(Sheet2!$B$2:$B$1132,MATCH(Sheet1!C23,Sheet1!$C$2:$C$1132,0)),"IDK") -> FINANCE | E23: FULL-TIME | F23: WORK FROM HOME | G23: 45593 | H23: EUROPE | I23: Germany | J23: Berlin | K23: =IFERROR(INDEX(Sheet2!$C$2:$C$1132,MATCH(Sheet1!C23,Sheet1!$C$2:$C$1132,0)),"") -> 40000 | L23: =IFERROR(INDEX(Sheet2!$D$2:$D$1132,MATCH(Sheet1!C23,$C$2:$C$1132,0)),"") -> 85000 | M23: =IFERROR(INDEX($M$2:$M$1132,MATCH(B23,$B$2:$B$1132,0)),"") -> SQL, EXCEL, POWERBI, TABLEAU | N23: MID-LEVEL | O23: MONSTER
A24: 17872 | B24: DATA ANALYST | C24: ALPHA TECHNOLOGIES | D24: =IFERROR(INDEX(Sheet2!$B$2:$B$1132,MATCH(Sheet1!C24,Sheet1!$C$2:$C$1132,0)),"IDK") -> IT | E24: FULL-TIME | F24: HYBRID | G24: 45371 | H24: EUROPE | I24: Germany | J24: Munich | K24: =IFERROR(INDEX(Sheet2!$C$2:$C$1132,MATCH(Sheet1!C24,Sheet1!$C$2:$C$1132,0)),"") -> 35000 | L24: =IFERROR(INDEX(Sheet2!$D$2:$D$1132,MATCH(Sheet1!C24,$C$2:$C$1132,0)),"") -> 70000 | M24: =IFERROR(INDEX($M$2:$M$1132,MATCH(B24,$B$2:$B$1132,0)),"") -> SQL, EXCEL, POWERBI, TABLEAU | N24: MID-LEVEL | O24: GLASSDOOR
A25: 17873 | B25: DATA ANALYST | C25: CSV HEALTH | D25: =IFERROR(INDEX(Sheet2!$B$2:$B$1132,MATCH(Sheet1!C25,Sheet1!$C$2:$C$1132,0)),"IDK") -> HEALTH | E25: FULL-TIME | F25: HYBRID | G25: 45433 | H25: EUROPE | I25: France | J25: Paris | K25: =IFERROR(INDEX(Sheet2!$C$2:$C$1132,MATCH(Sheet1!C25,Sheet1!$C$2:$C$1132,0)),"") -> 25000 | L25: =IFERROR(INDEX(Sheet2!$D$2:$D$1132,MATCH(Sheet1!C25,$C$2:$C$1132,0)),"") -> 50000 | M25: =IFERROR(INDEX($M$2:$M$1132,MATCH(B25,$B$2:$B$1132,0)),"") -> SQL, EXCEL, POWERBI, TABLEAU | N25: MID-LEVEL | O25: INDEED
A26: 17874 | B26: DATA ANALYST | C26: FACEBOOK | D26: =IFERROR(INDEX(Sheet2!$B$2:$B$1132,MATCH(Sheet1!C26,Sheet1!$C$2:$C$1132,0)),"IDK") -> SOCIAL | E26: FULL-TIME | F26: HYBRID | G26: 45332 | H26: EUROPE | I26: Netherlands | J26: Amsterdam | K26: =IFERROR(INDEX(Sheet2!$C$2:$C$1132,MATCH(Sheet1!C26,Sheet1!$C$2:$C$1132,0)),"") -> 30000 | L26: =IFERROR(INDEX(Sheet2!$D$2:$D$1132,MATCH(Sheet1!C26,$C$2:$C$1132,0)),"") -> 60000 | M26: =IFERROR(INDEX($M$2:$M$1132,MATCH(B26,$B$2:$B$1132,0)),"") -> SQL, EXCEL, POWERBI, TABLEAU | N26: MID-LEVEL | O26: LINKEDIN
... A61: 17909 | B61: BUSINESS ANALYST | C61: STIER SOLUTIONS | D61: =IFERROR(INDEX(Sheet2!$B$2:$B$1132,MATCH(Sheet1!C61,Sheet1!$C$2:$C$1132,0)),"IDK") -> FINANCE | E61: INTERNSHIP | F61: HYBRID | G61: 45586 | H61: EUROPE | I61: United Kingdom | J61: Manchester | K61: =IFERROR(INDEX(Sheet2!$C$2:$C$1132,MATCH(Sheet1!C61,Sheet1!$C$2:$C$1132,0)),"") -> 35000 | L61: =IFERROR(INDEX(Sheet2!$D$2:$D$1132,MATCH(Sheet1!C61,$C$2:$C$1132,0)),"") -> 75000 | M61: =IFERROR(INDEX($M$2:$M$1132,MATCH(B61,$B$2:$B$1132,0)),"") -> EXCEL, SQL, TABLEAU, BUSINESS ANALYSIS | N61: ENTRY-LEVEL | O61: NAUKARI
A62: 17910 | B62: BUSINESS ANALYST | C62: LINKEDIN | D62: SOCIAL | E62: INTERNSHIP | F62: HYBRID | G62: 45605 | H62: EUROPE | I62: Germany | J62: Berlin | K62: 25000 | L62: 90000 | M62: =IFERROR(INDEX($M$2:$M$1132,MATCH(B62,$B$2:$B$1132,0)),"") -> EXCEL, SQL, TABLEAU, BUSINESS ANALYSIS | N62: MID-LEVEL | O62: INDEED
A63: 17911 | B63: BUSINESS ANALYST | C63: STAR HEALTH | D63: HEALTH | E63: INTERNSHIP | F63: HYBRID | G63: 45599 | H63: EUROPE | I63: Germany | J63: Munich | K63: 25000 | L63: 85000 | M63: =IFERROR(INDEX($M$2:$M$1132,MATCH(B63,$B$2:$B$1132,0)),"") -> EXCEL, SQL, TABLEAU, BUSINESS ANALYSIS | N63: HIGH-LEVEL | O63: MONSTER
A64: 17912 | B64: BUSINESS ANALYST | C64: LIC | D64: HEALTH | E64: INTERNSHIP | F64: HYBRID | G64: 45540 | H64: EUROPE | I64: France | J64: Paris | K64: 25000 | L64: 95000 | M64: =IFERROR(INDEX($M$2:$M$1132,MATCH(B64,$B$2:$B$1132,0)),"") -> EXCEL, SQL, TABLEAU, BUSINESS ANALYSIS | N64: MID-LEVEL | O64: GLASSDOOR
A65: 17913 | B65: BUSINESS ANALYST | C65: LIC | D65: HEALTH | E65: INTERNSHIP | F65: HYBRID | G65: 45452 | H65: AUSTRALIA | I65: New South Wales | J65: Sydney | K65: 25000 | L65: 95000 | M65: =IFERROR(INDEX($M$2:$M$1132,MATCH(B65,$B$2:$B$1132,0)),"") -> EXCEL, SQL, TABLEAU, BUSINESS ANALYSIS | N65: HIGH-LEVEL | O65: INDEED
A66: 17914 | B66: BUSINESS ANALYST | C66: LIC | D66: HEALTH | E66: INTERNSHIP | F66: HYBRID | G66: 45512 | H66: AUSTRALIA | I66: Victoria | J66: Melbourne | K66: 25000 | L66: 95000 | M66: =IFERROR(INDEX($M$2:$M$1132,MATCH(B66,$B$2:$B$1132,0)),"") -> EXCEL, SQL, TABLEAU, BUSINESS ANALYSIS | N66: ENTRY-LEVEL | O66: LINKEDIN
A67: 17915 | B67: DATA ANALYST | C67: LIC | D67: HEALTH | E67: INTERNSHIP | F67: HYBRID | G67: 45640 | H67: AUSTRALIA | I67: Queensland | J67: Brisbane | K67: 25000 | L67: 95000 | M67: =IFERROR(INDEX($M$2:$M$1132,MATCH(B67,$B$2:$B$1132,0)),"") -> SQL, EXCEL, POWERBI, TABLEAU | N67: HIGH-LEVEL | O67: NAUKARI
A68: 17916 | B68: DATA ENGINEER | C68: LIC | D68: HEALTH | E68: INTERNSHIP | F68: HYBRID | G68: 45617 | H68: AUSTRALIA | I68: Western Australia | J68: Perth | K68: 25000 | L68: 95000 | M68: =IFERROR(INDEX($M$2:$M$1132,MATCH(B68,$B$2:$B$1132,0)),"") -> SQL, PYTHON, AWS, SPARK, ETL | N68: HIGH-LEVEL | O68: MONSTER
A69: 17917 | B69: DATA SCIENTIST | C69: LIC | D69: HEALTH | E69: INTERNSHIP | F69: HYBRID | G69: 45395 | H69: AUSTRALIA | I69: South Australia | J69: Adelaide | K69: 25000 | L69: 95000 | M69: =IFERROR(INDEX($M$2:$M$1132,MATCH(B69,$B$2:$B$1132,0)),"") -> PYTHON, MACHINE LEARNING,PANDAS, NUMPY | N69: HIGH-LEVEL | O69: INDEED
A70: 17918 | B70: BUSINESS ANALYST | C70: LIC | D70: HEALTH | E70: INTERNSHIP | F70: HYBRID | G70: 45409 | H70: AUSTRALIA | I70: Australian Capital Territory | J70: Canberra | K70: 25000 | L70: 95000 | M70: =IFERROR(INDEX($M$2:$M$1132,MATCH(B70,$B$2:$B$1132,0)),"") -> EXCEL, SQL, TABLEAU, BUSINESS ANALYSIS | N70: HIGH-LEVEL | O70: LINKEDIN
A71: 17919 | B71: FINANCIAL ANALYST | C71: LIC | D71: HEALTH | E71: INTERNSHIP | F71: HYBRID | G71: 45481 | H71: AUSTRALIA | I71: New South Wales | J71: Sydney | K71: 25000 | L71: 95000 | M71: =IFERROR(INDEX($M$2:$M$1132,MATCH(B71,$B$2:$B$1132,0)),"") -> EXCEL, SQL, FINANCIAL MODELLING, BUDGETING | N71: HIGH-LEVEL | O71: NAUKARI
A72: 17920 | B72: CYBER SECURITY | C72: LIC | D72: HEALTH | E72: INTERNSHIP | F72: HYBRID | G72: 45426 | H72: AUSTRALIA | I72: Victoria | J72: Melbourne | K72: 25000 | L72: 95000 | M72: =IFERROR(INDEX($M$2:$M$1132,MATCH(B72,$B$2:$B$1132,0)),"") -> NETWORK SECURITY, ETHICAL HACKING, RISK ASSESSMENT | N72: ENTRY-LEVEL | O72: INDEED
A73: 17921 | B73: AI/ML ENGINEER | C73: LIC | D73: HEALTH | E73: INTERNSHIP | F73: HYBRID | G73: 45416 | H73: AUSTRALIA | I73: Queensland | J73: Brisbane | K73: 25000 | L73: 95000 | M73: =IFERROR(INDEX($M$2:$M$1132,MATCH(B73,$B$2:$B$1132,0)),"") -> CLOUD, NETWORK, MACHINE LEARNING | N73: ENTRY-LEVEL | O73: MONSTER
... A100: 17948 | B100: CYBER SECURITY | C100: LIC | D100: HEALTH | E100: INTERNSHIP | F100: HYBRID | G100: 45541 | H100: AUSTRALIA | I100: New South Wales | J100: Sydney | K100: 25000 | L100: 95000 | M100: =IFERROR(INDEX($M$2:$M$1132,MATCH(B100,$B$2:$B$1132,0)),"") -> NETWORK SECURITY, ETHICAL HACKING, RISK ASSESSMENT | N100: ENTRY-LEVEL | O100: LINKEDIN
A101: 17949 | B101: CYBER SECURITY | C101: MACROS PVT LTD | D101: =IFERROR(INDEX(Sheet2!$B$2:$B$1132,MATCH(Sheet1!C101,Sheet1!$C$2:$C$1132,0)),"IDK") -> IT | E101: INTERNSHIP | F101: WORK FROM OFFICE | G101: 45529 | H101: AUSTRALIA | I101: Victoria | J101: Melbourne | K101: =IFERROR(INDEX(Sheet2!$C$2:$C$1132,MATCH(Sheet1!C101,Sheet1!$C$2:$C$1132,0)),"") -> 25000 | L101: 95000 | M101: =IFERROR(INDEX($M$2:$M$1132,MATCH(B101,$B$2:$B$1132,0)),"") -> NETWORK SECURITY, ETHICAL HACKING, RISK ASSESSMENT | N101: ENTRY-LEVEL | O101: NAUKARI
A102: 17950 | B102: CYBER SECURITY | C102: INFROSOFT | D102: =IFERROR(INDEX(Sheet2!$B$2:$B$1132,MATCH(Sheet1!C102,Sheet1!$C$2:$C$1132,0)),"IDK") -> SOCIAL | E102: INTERNSHIP | F102: WORK FROM OFFICE | G102: 45438 | H102: AUSTRALIA | I102: Queensland | J102: Brisbane | K102: =IFERROR(INDEX(Sheet2!$C$2:$C$1132,MATCH(Sheet1!C102,Sheet1!$C$2:$C$1132,0)),"") -> 20000 | L102: 95000 | M102: =IFERROR(INDEX($M$2:$M$1132,MATCH(B102,$B$2:$B$1132,0)),"") -> NETWORK SECURITY, ETHICAL HACKING, RISK ASSESSMENT | N102: ENTRY-LEVEL | O102: INDEED
A103: 17951 | B103: CYBER SECURITY | C103: INFRATECH LTD | D103: =IFERROR(INDEX(Sheet2!$B$2:$B$1132,MATCH(Sheet1!C103,Sheet1!$C$2:$C$1132,0)),"IDK") -> FINANCE | E103: INTERNSHIP | F103: WORK FROM OFFICE | G103: 45459 | H103: AUSTRALIA | I103: South Australia | J103: Adelaide | K103: =IFERROR(INDEX(Sheet2!$C$2:$C$1132,MATCH(Sheet1!C103,Sheet1!$C$2:$C$1132,0)),"") -> 40000 | L103: 95000 | M103: =IFERROR(INDEX($M$2:$M$1132,MATCH(B103,$B$2:$B$1132,0)),"") -> NETWORK SECURITY, ETHICAL HACKING, RISK ASSESSMENT | N103: ENTRY-LEVEL | O103: MONSTER
A104: 17952 | B104: CYBER SECURITY | C104: ALPHA TECHNOLOGIES | D104: =IFERROR(INDEX(Sheet2!$B$2:$B$1132,MATCH(Sheet1!C104,Sheet1!$C$2:$C$1132,0)),"IDK") -> IT | E104: INTERNSHIP | F104: WORK FROM OFFICE | G104: 45355 | H104: AUSTRALIA | I104: Australian Capital Territory | J104: Canberra | K104: =IFERROR(INDEX(Sheet2!$C$2:$C$1132,MATCH(Sheet1!C104,Sheet1!$C$2:$C$1132,0)),"") -> 35000 | L104: 95000 | M104: =IFERROR(INDEX($M$2:$M$1132,MATCH(B104,$B$2:$B$1132,0)),"") -> NETWORK SECURITY, ETHICAL HACKING, RISK ASSESSMENT | N104: ENTRY-LEVEL | O104: GLASSDOOR
A105: 17953 | B105: CYBER SECURITY | C105: CSV HEALTH | D105: =IFERROR(INDEX(Sheet2!$B$2:$B$1132,MATCH(Sheet1!C105,Sheet1!$C$2:$C$1132,0)),"IDK") -> HEALTH | E105: INTERNSHIP | F105: WORK FROM OFFICE | G105: 45533 | H105: AUSTRALIA | I105: New South Wales | J105: Sydney | K105: =IFERROR(INDEX(Sheet2!$C$2:$C$1132,MATCH(Sheet1!C105,Sheet1!$C$2:$C$1132,0)),"") -> 25000 | L105: 95000 | M105: =IFERROR(INDEX($M$2:$M$1132,MATCH(B105,$B$2:$B$1132,0)),"") -> NETWORK SECURITY, ETHICAL HACKING, RISK ASSESSMENT | N105: ENTRY-LEVEL | O105: INDEED
A106: 17954 | B106: CYBER SECURITY | C106: FACEBOOK | D106: =IFERROR(INDEX(Sheet2!$B$2:$B$1132,MATCH(Sheet1!C106,Sheet1!$C$2:$C$1132,0)),"IDK") -> SOCIAL | E106: INTERNSHIP | F106: WORK FROM OFFICE | G106: 45479 | H106: AUSTRALIA | I106: Victoria | J106: Melbourne | K106: =IFERROR(INDEX(Sheet2!$C$2:$C$1132,MATCH(Sheet1!C106,Sheet1!$C$2:$C$1132,0)),"") -> 30000 | L106: 95000 | M106: =IFERROR(INDEX($M$2:$M$1132,MATCH(B106,$B$2:$B$1132,0)),"") -> NETWORK SECURITY, ETHICAL HACKING, RISK ASSESSMENT | N106: ENTRY-LEVEL | O106: LINKEDIN
A107: 17955 | B107: CYBER SECURITY | C107: STIER SOLUTIONS | D107: =IFERROR(INDEX(Sheet2!$B$2:$B$1132,MATCH(Sheet1!C107,Sheet1!$C$2:$C$1132,0)),"IDK") -> FINANCE | E107: INTERNSHIP | F107: WORK FROM OFFICE | G107: 45554 | H107: AUSTRALIA | I107: Queensland | J107: Brisbane | K107: =IFERROR(INDEX(Sheet2!$C$2:$C$1132,MATCH(Sheet1!C107,Sheet1!$C$2:$C$1132,0)),"") -> 35000 | L107: 95000 | M107: =IFERROR(INDEX($M$2:$M$1132,MATCH(B107,$B$2:$B$1132,0)),"") -> NETWORK SECURITY, ETHICAL HACKING, RISK ASSESSMENT | N107: ENTRY-LEVEL | O107: NAUKARI
A108: 17956 | B108: CYBER SECURITY | C108: LINKEDIN | D108: SOCIAL | E108: INTERNSHIP | F108: WORK FROM OFFICE | G108: 45552 | H108: AUSTRALIA | I108: South Australia | J108: Adelaide | K108: 45000 | L108: 95000 | M108: =IFERROR(INDEX($M$2:$M$1132,MATCH(B108,$B$2:$B$1132,0)),"") -> NETWORK SECURITY, ETHICAL HACKING, RISK ASSESSMENT | N108: ENTRY-LEVEL | O108: MONSTER
A109: 17957 | B109: CYBER SECURITY | C109: STAR HEALTH | D109: HEALTH | E109: INTERNSHIP | F109: WORK FROM OFFICE | G109: 45405 | H109: AUSTRALIA | I109: Australian Capital Territory | J109: Canberra | K109: 20000 | L109: 95000 | M109: =IFERROR(INDEX($M$2:$M$1132,MATCH(B109,$B$2:$B$1132,0)),"") -> NETWORK SECURITY, ETHICAL HACKING, RISK ASSESSMENT | N109: ENTRY-LEVEL | O109: INDEED
A110: 17958 | B110: CYBER SECURITY | C110: LIC | D110: HEALTH | E110: INTERNSHIP | F110: WORK FROM OFFICE | G110: 45516 | H110: AUSTRALIA | I110: New South Wales | J110: Sydney | K110: 25000 | L110: 95000 | M110: =IFERROR(INDEX($M$2:$M$1132,MATCH(B110,$B$2:$B$1132,0)),"") -> NETWORK SECURITY, ETHICAL HACKING, RISK ASSESSMENT | N110: ENTRY-LEVEL | O110: LINKEDIN
A111: 17959 | B111: CYBER SECURITY | C111: LIC | D111: HEALTH | E111: INTERNSHIP | F111: WORK FROM OFFICE | G111: 45595 | H111: AUSTRALIA | I111: Victoria | J111: Melbourne | K111: 25000 | L111: 95000 | M111: =IFERROR(INDEX($M$2:$M$1132,MATCH(B111,$B$2:$B$1132,0)),"") -> NETWORK SECURITY, ETHICAL HACKING, RISK ASSESSMENT | N111: ENTRY-LEVEL | O111: NAUKARI
A112: 17960 | B112: CYBER SECURITY | C112: LIC | D112: HEALTH | E112: INTERNSHIP | F112: WORK FROM OFFICE | G112: 45432 | H112: AUSTRALIA | I112: Queensland | J112: Brisbane | K112: 25000 | L112: 95000 | M112: =IFERROR(INDEX($M$2:$M$1132,MATCH(B112,$B$2:$B$1132,0)),"") -> NETWORK SECURITY, ETHICAL HACKING, RISK ASSESSMENT | N112: ENTRY-LEVEL | O112: INDEED
A113: 17961 | B113: CYBER SECURITY | C113: LIC | D113: HEALTH | E113: INTERNSHIP | F113: WORK FROM OFFICE | G113: 45423 | H113: AUSTRALIA | I113: Western Australia | J113: Perth | K113: 25000 | L113: 95000 | M113: =IFERROR(INDEX($M$2:$M$1132,MATCH(B113,$B$2:$B$1132,0)),"") -> NETWORK SECURITY, ETHICAL HACKING, RISK ASSESSMENT | N113: ENTRY-LEVEL | O113: MONSTER
A114: 17962 | B114: CYBER SECURITY | C114: LIC | D114: HEALTH | E114: INTERNSHIP | F114: WORK FROM OFFICE | G114: 45559 | H114: AUSTRALIA | I114: South Australia | J114: Adelaide | K114: 25000 | L114: 95000 | M114: =IFERROR(INDEX($M$2:$M$1132,MATCH(B114,$B$2:$B$1132,0)),"") -> NETWORK SECURITY, ETHICAL HACKING, RISK ASSESSMENT | N114: ENTRY-LEVEL | O114: GLASSDOOR
A115: 17963 | B115: CYBER SECURITY | C115: LIC | D115: HEALTH | E115: INTERNSHIP | F115: WORK FROM OFFICE | G115: 45564 | H115: AUSTRALIA | I115: Australian Capital Territory | J115: Canberra | K115: 25000 | L115: 95000 | M115: =IFERROR(INDEX($M$2:$M$1132,MATCH(B115,$B$2:$B$1132,0)),"") -> NETWORK SECURITY, ETHICAL HACKING, RISK ASSESSMENT | N115: ENTRY-LEVEL | O115: INDEED
A116: 17964 | B116: CYBER SECURITY | C116: LIC | D116: HEALTH | E116: INTERNSHIP | F116: WORK FROM OFFICE | G116: 45327 | H116: AUSTRALIA | I116: New South Wales | J116: Sydney | K116: 25000 | L116: 95000 | M116: =IFERROR(INDEX($M$2:$M$1132,MATCH(B116,$B$2:$B$1132,0)),"") -> NETWORK SECURITY, ETHICAL HACKING, RISK ASSESSMENT | N116: ENTRY-LEVEL | O116: LINKEDIN
A117: 17965 | B117: CYBER SECURITY | C117: LIC | D117: HEALTH | E117: INTERNSHIP | F117: WORK FROM OFFICE | G117: 45563 | H117: AUSTRALIA | I117: Victoria | J117: Melbourne | K117: 25000 | L117: 95000 | M117: =IFERROR(INDEX($M$2:$M$1132,MATCH(B117,$B$2:$B$1132,0)),"") -> NETWORK SECURITY, ETHICAL HACKING, RISK ASSESSMENT | N117: ENTRY-LEVEL | O117: NAUKARI
A118: 17966 | B118: CYBER SECURITY | C118: LIC | D118: HEALTH | E118: INTERNSHIP | F118: WORK FROM OFFICE | G118: 45422 | H118: AUSTRALIA | I118: New South Wales | J118: Sydney | K118: 25000 | L118: 95000 | M118: =IFERROR(INDEX($M$2:$M$1132,MATCH(B118,$B$2:$B$1132,0)),"") -> NETWORK SECURITY, ETHICAL HACKING, RISK ASSESSMENT | N118: ENTRY-LEVEL | O118: MONSTER
A119: 17967 | B119: CYBER SECURITY | C119: LIC | D119: HEALTH | E119: INTERNSHIP | F119: WORK FROM OFFICE | G119: 45332 | H119: AUSTRALIA | I119: Victoria | J119: Melbourne | K119: 25000 | L119: 95000 | M119: =IFERROR(INDEX($M$2:$M$1132,MATCH(B119,$B$2:$B$1132,0)),"") -> NETWORK SECURITY, ETHICAL HACKING, RISK ASSESSMENT | N119: ENTRY-LEVEL | O119: INDEED
... A126: 17974 | B126: CYBER SECURITY | C126: STAR HEALTH | D126: HEALTH | E126: INTERNSHIP | F126: WORK FROM OFFICE | G126: 45508 | H126: AUSTRALIA | I126: Australian Capital Territory | J126: Canberra | K126: 25000 | L126: 95000 | M126: =IFERROR(INDEX($M$2:$M$1132,MATCH(B126,$B$2:$B$1132,0)),"") -> NETWORK SECURITY, ETHICAL HACKING, RISK ASSESSMENT | N126: ENTRY-LEVEL | O126: LINKEDIN
A127: 17975 | B127: CYBER SECURITY | C127: ALPHA TECHNOLOGIES | D127: =IFERROR(INDEX(Sheet2!$B$2:$B$1132,MATCH(Sheet1!C127,Sheet1!$C$2:$C$1132,0)),"IDK") -> IT | E127: INTERNSHIP | F127: WORK FROM OFFICE | G127: 45512 | H127: AUSTRALIA | I127: New South Wales | J127: Sydney | K127: =IFERROR(INDEX(Sheet2!$C$2:$C$1132,MATCH(Sheet1!C127,Sheet1!$C$2:$C$1132,0)),"") -> 35000 | L127: =IFERROR(INDEX(Sheet2!$D$2:$D$1132,MATCH(Sheet1!C127,$C$2:$C$1132,0)),"") -> 70000 | M127: =IFERROR(INDEX($M$2:$M$1132,MATCH(B127,$B$2:$B$1132,0)),"") -> NETWORK SECURITY, ETHICAL HACKING, RISK ASSESSMENT | N127: ENTRY-LEVEL | O127: NAUKARI
A128: 17976 | B128: CYBER SECURITY | C128: SKILLFIED SOLUTIONS | D128: =IFERROR(INDEX(Sheet2!$B$2:$B$1132,MATCH(Sheet1!C128,Sheet1!$C$2:$C$1132,0)),"IDK") -> IT | E128: INTERNSHIP | F128: WORK FROM OFFICE | G128: 45357 | H128: AUSTRALIA | I128: Victoria | J128: Melbourne | K128: =IFERROR(INDEX(Sheet2!$C$2:$C$1132,MATCH(Sheet1!C128,Sheet1!$C$2:$C$1132,0)),"") -> 25000 | L128: =IFERROR(INDEX(Sheet2!$D$2:$D$1132,MATCH(Sheet1!C128,$C$2:$C$1132,0)),"") -> 60000 | M128: =IFERROR(INDEX($M$2:$M$1132,MATCH(B128,$B$2:$B$1132,0)),"") -> NETWORK SECURITY, ETHICAL HACKING, RISK ASSESSMENT | N128: ENTRY-LEVEL | O128: MONSTER
A129: 17977 | B129: CYBER SECURITY | C129: MACROS PVT LTD | D129: =IFERROR(INDEX(Sheet2!$B$2:$B$1132,MATCH(Sheet1!C129,Sheet1!$C$2:$C$1132,0)),"IDK") -> IT | E129: INTERNSHIP | F129: WORK FROM OFFICE | G129: 45394 | H129: AUSTRALIA | I129: New South Wales | J129: Sydney | K129: =IFERROR(INDEX(Sheet2!$C$2:$C$1132,MATCH(Sheet1!C129,Sheet1!$C$2:$C$1132,0)),"") -> 25000 | L129: =IFERROR(INDEX(Sheet2!$D$2:$D$1132,MATCH(Sheet1!C129,$C$2:$C$1132,0)),"") -> 75000 | M129: =IFERROR(INDEX($M$2:$M$1132,MATCH(B129,$B$2:$B$1132,0)),"") -> NETWORK SECURITY, ETHICAL HACKING, RISK ASSESSMENT | N129: ENTRY-LEVEL | O129: INDEED
A130: 17978 | B130: CYBER SECURITY | C130: INFROSOFT | D130: =IFERROR(INDEX(Sheet2!$B$2:$B$1132,MATCH(Sheet1!C130,Sheet1!$C$2:$C$1132,0)),"IDK") -> SOCIAL | E130: INTERNSHIP | F130: WORK FROM OFFICE | G130: 45437 | H130: AUSTRALIA | I130: Victoria | J130: Melbourne | K130: =IFERROR(INDEX(Sheet2!$C$2:$C$1132,MATCH(Sheet1!C130,Sheet1!$C$2:$C$1132,0)),"") -> 20000 | L130: =IFERROR(INDEX(Sheet2!$D$2:$D$1132,MATCH(Sheet1!C130,$C$2:$C$1132,0)),"") -> 70000 | M130: =IFERROR(INDEX($M$2:$M$1132,MATCH(B130,$B$2:$B$1132,0)),"") -> NETWORK SECURITY, ETHICAL HACKING, RISK ASSESSMENT | N130: ENTRY-LEVEL | O130: LINKEDIN
A131: 17979 | B131: CYBER SECURITY | C131: INFRATECH LTD | D131: =IFERROR(INDEX(Sheet2!$B$2:$B$1132,MATCH(Sheet1!C131,Sheet1!$C$2:$C$1132,0)),"IDK") -> FINANCE | E131: INTERNSHIP | F131: WORK FROM OFFICE | G131: 45526 | H131: AUSTRALIA | I131: Queensland | J131: Brisbane | K131: =IFERROR(INDEX(Sheet2!$C$2:$C$1132,MATCH(Sheet1!C131,Sheet1!$C$2:$C$1132,0)),"") -> 40000 | L131: =IFERROR(INDEX(Sheet2!$D$2:$D$1132,MATCH(Sheet1!C131,$C$2:$C$1132,0)),"") -> 85000 | M131: =IFERROR(INDEX($M$2:$M$1132,MATCH(B131,$B$2:$B$1132,0)),"") -> NETWORK SECURITY, ETHICAL HACKING, RISK ASSESSMENT | N131: ENTRY-LEVEL | O131: NAUKARI
A132: 17980 | B132: CYBER SECURITY | C132: ALPHA TECHNOLOGIES | D132: =IFERROR(INDEX(Sheet2!$B$2:$B$1132,MATCH(Sheet1!C132,Sheet1!$C$2:$C$1132,0)),"IDK") -> IT | E132: INTERNSHIP | F132: WORK FROM OFFICE | G132: 45308 | H132: AUSTRALIA | I132: South Australia | J132: Adelaide | K132: =IFERROR(INDEX(Sheet2!$C$2:$C$1132,MATCH(Sheet1!C132,Sheet1!$C$2:$C$1132,0)),"") -> 35000 | L132: =IFERROR(INDEX(Sheet2!$D$2:$D$1132,MATCH(Sheet1!C132,$C$2:$C$1132,0)),"") -> 70000 | M132: =IFERROR(INDEX($M$2:$M$1132,MATCH(B132,$B$2:$B$1132,0)),"") -> NETWORK SECURITY, ETHICAL HACKING, RISK ASSESSMENT | N132: ENTRY-LEVEL | O132: INDEED
A133: 17981 | B133: CYBER SECURITY | C133: CSV HEALTH | D133: =IFERROR(INDEX(Sheet2!$B$2:$B$1132,MATCH(Sheet1!C133,Sheet1!$C$2:$C$1132,0)),"IDK") -> HEALTH | E133: INTERNSHIP | F133: WORK FROM OFFICE | G133: 45621 | H133: AUSTRALIA | I133: Australian Capital Territory | J133: Canberra | K133: =IFERROR(INDEX(Sheet2!$C$2:$C$1132,MATCH(Sheet1!C133,Sheet1!$C$2:$C$1132,0)),"") -> 25000 | L133: =IFERROR(INDEX(Sheet2!$D$2:$D$1132,MATCH(Sheet1!C133,$C$2:$C$1132,0)),"") -> 50000 | M133: =IFERROR(INDEX($M$2:$M$1132,MATCH(B133,$B$2:$B$1132,0)),"") -> NETWORK SECURITY, ETHICAL HACKING, RISK ASSESSMENT | N133: ENTRY-LEVEL | O133: LINKEDIN
A134: 17982 | B134: CYBER SECURITY | C134: FACEBOOK | D134: =IFERROR(INDEX(Sheet2!$B$2:$B$1132,MATCH(Sheet1!C134,Sheet1!$C$2:$C$1132,0)),"IDK") -> SOCIAL | E134: INTERNSHIP | F134: WORK FROM OFFICE | G134: 45568 | H134: AUSTRALIA | I134: New South Wales | J134: Sydney | K134: =IFERROR(INDEX(Sheet2!$C$2:$C$1132,MATCH(Sheet1!C134,Sheet1!$C$2:$C$1132,0)),"") -> 30000 | L134: =IFERROR(INDEX(Sheet2!$D$2:$D$1132,MATCH(Sheet1!C134,$C$2:$C$1132,0)),"") -> 60000 | M134: =IFERROR(INDEX($M$2:$M$1132,MATCH(B134,$B$2:$B$1132,0)),"") -> NETWORK SECURITY, ETHICAL HACKING, RISK ASSESSMENT | N134: ENTRY-LEVEL | O134: LINKEDIN
A135: 17983 | B135: CYBER SECURITY | C135: STIER SOLUTIONS | D135: =IFERROR(INDEX(Sheet2!$B$2:$B$1132,MATCH(Sheet1!C135,Sheet1!$C$2:$C$1132,0)),"IDK") -> FINANCE | E135: INTERNSHIP | F135: WORK FROM OFFICE | G135: 45650 | H135: AUSTRALIA | I135: New South Wales | J135: Sydney | K135: =IFERROR(INDEX(Sheet2!$C$2:$C$1132,MATCH(Sheet1!C135,Sheet1!$C$2:$C$1132,0)),"") -> 35000 | L135: =IFERROR(INDEX(Sheet2!$D$2:$D$1132,MATCH(Sheet1!C135,$C$2:$C$1132,0)),"") -> 75000 | M135: =IFERROR(INDEX($M$2:$M$1132,MATCH(B135,$B$2:$B$1132,0)),"") -> NETWORK SECURITY, ETHICAL HACKING, RISK ASSESSMENT | N135: ENTRY-LEVEL | O135: LINKEDIN
A136: 17984 | B136: CYBER SECURITY | C136: OPTUM | D136: =IFERROR(INDEX(Sheet2!$B$2:$B$1132,MATCH(Sheet1!C136,Sheet1!$C$2:$C$1132,0)),"IDK") -> IT | E136: INTERNSHIP | F136: WORK FROM OFFICE | G136: 45572 | H136: AUSTRALIA | I136: New South Wales | J136: Sydney | K136: =IFERROR(INDEX(Sheet2!$C$2:$C$1132,MATCH(Sheet1!C136,Sheet1!$C$2:$C$1132,0)),"") -> 40000 | L136: =IFERROR(INDEX(Sheet2!$D$2:$D$1132,MATCH(Sheet1!C136,$C$2:$C$1132,0)),"") -> 80000 | M136: =IFERROR(INDEX($M$2:$M$1132,MATCH(B136,$B$2:$B$1132,0)),"") -> NETWORK SECURITY, ETHICAL HACKING, RISK ASSESSMENT | N136: ENTRY-LEVEL | O136: LINKEDIN
A137: 17985 | B137: CYBER SECURITY | C137: TECUMEN LIMITED | D137: =IFERROR(INDEX(Sheet2!$B$2:$B$1132,MATCH(Sheet1!C137,Sheet1!$C$2:$C$1132,0)),"IDK") -> IT | E137: INTERNSHIP | F137: WORK FROM OFFICE | G137: 45418 | H137: AUSTRALIA | I137: New South Wales | J137: Sydney | K137: =IFERROR(INDEX(Sheet2!$C$2:$C$1132,MATCH(Sheet1!C137,Sheet1!$C$2:$C$1132,0)),"") -> 30000 | L137: =IFERROR(INDEX(Sheet2!$D$2:$D$1132,MATCH(Sheet1!C137,$C$2:$C$1132,0)),"") -> 55000 | M137: =IFERROR(INDEX($M$2:$M$1132,MATCH(B137,$B$2:$B$1132,0)),"") -> NETWORK SECURITY, ETHICAL HACKING, RISK ASSESSMENT | N137: ENTRY-LEVEL | O137: LINKEDIN
A138: 17986 | B138: CYBER SECURITY | C138: MINDSPACE | D138: =IFERROR(INDEX(Sheet2!$B$2:$B$1132,MATCH(Sheet1!C138,Sheet1!$C$2:$C$1132,0)),"IDK") -> IT | E138: INTERNSHIP | F138: WORK FROM OFFICE | G138: 45335 | H138: AUSTRALIA | I138: New South Wales | J138: Sydney | K138: =IFERROR(INDEX(Sheet2!$C$2:$C$1132,MATCH(Sheet1!C138,Sheet1!$C$2:$C$1132,0)),"") -> 35000 | L138: =IFERROR(INDEX(Sheet2!$D$2:$D$1132,MATCH(Sheet1!C138,$C$2:$C$1132,0)),"") -> 70000 | M138: =IFERROR(INDEX($M$2:$M$1132,MATCH(B138,$B$2:$B$1132,0)),"") -> NETWORK SECURITY, ETHICAL HACKING, RISK ASSESSMENT | N138: ENTRY-LEVEL | O138: GLASSDOOR
... A169: 18017 | B169: DATA ANALYST | C169: STIER SOLUTIONS | D169: =IFERROR(INDEX(Sheet2!$B$2:$B$1132,MATCH(Sheet1!C169,Sheet1!$C$2:$C$1132,0)),"IDK") -> FINANCE | E169: INTERNSHIP | F169: WORK FROM HOME | G169: 45474 | H169: INDIA | I169: Delhi | J169: New Delhi | K169: =IFERROR(INDEX(Sheet2!$C$2:$C$1132,MATCH(Sheet1!C169,Sheet1!$C$2:$C$1132,0)),"") -> 35000 | L169: =IFERROR(INDEX(Sheet2!$D$2:$D$1132,MATCH(Sheet1!C169,$C$2:$C$1132,0)),"") -> 75000 | M169: =IFERROR(INDEX($M$2:$M$1132,MATCH(B169,$B$2:$B$1132,0)),"") -> SQL, EXCEL, POWERBI, TABLEAU | N169: ENTRY-LEVEL | O169: INDEED
A170: 18018 | B170: DATA ANALYST | C170: LINKEDIN | D170: SOCIAL | E170: INTERNSHIP | F170: WORK FROM HOME | G170: 45546 | H170: INDIA | I170: Haryana | J170: Gurgaon | K170: 45000 | L170: 90000 | M170: =IFERROR(INDEX($M$2:$M$1132,MATCH(B170,$B$2:$B$1132,0)),"") -> SQL, EXCEL, POWERBI, TABLEAU | N170: ENTRY-LEVEL | O170: INDEED
A171: 18019 | B171: DATA ANALYST | C171: STAR HEALTH | D171: HEALTH | E171: INTERNSHIP | F171: WORK FROM HOME | G171: 45477 | H171: INDIA | I171: Uttar Pradesh | J171: Noida | K171: 20000 | L171: 80000 | M171: =IFERROR(INDEX($M$2:$M$1132,MATCH(B171,$B$2:$B$1132,0)),"") -> SQL, EXCEL, POWERBI, TABLEAU | N171: ENTRY-LEVEL | O171: INDEED
A172: 18020 | B172: DATA ANALYST | C172: LIC | D172: HEALTH | E172: INTERNSHIP | F172: WORK FROM HOME | G172: 45640 | H172: INDIA | I172: West Bengal | J172: Kolkata | K172: 25000 | L172: 85000 | M172: =IFERROR(INDEX($M$2:$M$1132,MATCH(B172,$B$2:$B$1132,0)),"") -> SQL, EXCEL, POWERBI, TABLEAU | N172: ENTRY-LEVEL | O172: INDEED
A173: 18021 | B173: DATA ANALYST | C173: ALPHA TECHNOLOGIES | D173: =IFERROR(INDEX(Sheet2!$B$2:$B$1132,MATCH(Sheet1!C173,Sheet1!$C$2:$C$1132,0)),"IDK") -> IT | E173: INTERNSHIP | F173: WORK FROM HOME | G173: 45477 | H173: INDIA | I173: Kerala | J173: Kochi | K173: =IFERROR(INDEX(Sheet2!$C$2:$C$1132,MATCH(Sheet1!C173,Sheet1!$C$2:$C$1132,0)),"") -> 35000 | L173: =IFERROR(INDEX(Sheet2!$D$2:$D$1132,MATCH(Sheet1!C173,$C$2:$C$1132,0)),"") -> 70000 | M173: =IFERROR(INDEX($M$2:$M$1132,MATCH(B173,$B$2:$B$1132,0)),"") -> SQL, EXCEL, POWERBI, TABLEAU | N173: ENTRY-LEVEL | O173: MONSTER
A174: 18022 | B174: DATA ANALYST | C174: SKILLFIED SOLUTIONS | D174: =IFERROR(INDEX(Sheet2!$B$2:$B$1132,MATCH(Sheet1!C174,Sheet1!$C$2:$C$1132,0)),"IDK") -> IT | E174: INTERNSHIP | F174: WORK FROM HOME | G174: 45359 | H174: INDIA | I174: Karnataka | J174: Bengaluru | K174: =IFERROR(INDEX(Sheet2!$C$2:$C$1132,MATCH(Sheet1!C174,Sheet1!$C$2:$C$1132,0)),"") -> 25000 | L174: =IFERROR(INDEX(Sheet2!$D$2:$D$1132,MATCH(Sheet1!C174,$C$2:$C$1132,0)),"") -> 60000 | M174: =IFERROR(INDEX($M$2:$M$1132,MATCH(B174,$B$2:$B$1132,0)),"") -> SQL, EXCEL, POWERBI, TABLEAU | N174: ENTRY-LEVEL | O174: MONSTER
A175: 18023 | B175: DATA ANALYST | C175: MACROS PVT LTD | D175: =IFERROR(INDEX(Sheet2!$B$2:$B$1132,MATCH(Sheet1!C175,Sheet1!$C$2:$C$1132,0)),"IDK") -> IT | E175: INTERNSHIP | F175: WORK FROM HOME | G175: 45556 | H175: INDIA | I175: Telangana | J175: Hyderabad | K175: =IFERROR(INDEX(Sheet2!$C$2:$C$1132,MATCH(Sheet1!C175,Sheet1!$C$2:$C$1132,0)),"") -> 25000 | L175: =IFERROR(INDEX(Sheet2!$D$2:$D$1132,MATCH(Sheet1!C175,$C$2:$C$1132,0)),"") -> 75000 | M175: =IFERROR(INDEX($M$2:$M$1132,MATCH(B175,$B$2:$B$1132,0)),"") -> SQL, EXCEL, POWERBI, TABLEAU | N175: ENTRY-LEVEL | O175: LINKEDIN
A176: 18024 | B176: DATA ANALYST | C176: INFROSOFT | D176: =IFERROR(INDEX(Sheet2!$B$2:$B$1132,MATCH(Sheet1!C176,Sheet1!$C$2:$C$1132,0)),"IDK") -> SOCIAL | E176: INTERNSHIP | F176: WORK FROM HOME | G176: 45392 | H176: INDIA | I176: Maharashtra | J176: Mumbai | K176: =IFERROR(INDEX(Sheet2!$C$2:$C$1132,MATCH(Sheet1!C176,Sheet1!$C$2:$C$1132,0)),"") -> 20000 | L176: =IFERROR(INDEX(Sheet2!$D$2:$D$1132,MATCH(Sheet1!C176,$C$2:$C$1132,0)),"") -> 70000 | M176: =IFERROR(INDEX($M$2:$M$1132,MATCH(B176,$B$2:$B$1132,0)),"") -> SQL, EXCEL, POWERBI, TABLEAU | N176: ENTRY-LEVEL | O176: INDEED
A177: 18025 | B177: DATA ANALYST | C177: INFRATECH LTD | D177: =IFERROR(INDEX(Sheet2!$B$2:$B$1132,MATCH(Sheet1!C177,Sheet1!$C$2:$C$1132,0)),"IDK") -> FINANCE | E177: INTERNSHIP | F177: WORK FROM HOME | G177: 45377 | H177: INDIA | I177: Maharashtra | J177: Pune | K177: =IFERROR(INDEX(Sheet2!$C$2:$C$1132,MATCH(Sheet1!C177,Sheet1!$C$2:$C$1132,0)),"") -> 40000 | L177: =IFERROR(INDEX(Sheet2!$D$2:$D$1132,MATCH(Sheet1!C177,$C$2:$C$1132,0)),"") -> 85000 | M177: =IFERROR(INDEX($M$2:$M$1132,MATCH(B177,$B$2:$B$1132,0)),"") -> SQL, EXCEL, POWERBI, TABLEAU | N177: ENTRY-LEVEL | O177: LINKEDIN
A178: 18026 | B178: DATA ANALYST | C178: ALPHA TECHNOLOGIES | D178: =IFERROR(INDEX(Sheet2!$B$2:$B$1132,MATCH(Sheet1!C178,Sheet1!$C$2:$C$1132,0)),"IDK") -> IT | E178: INTERNSHIP | F178: WORK FROM HOME | G178: 45328 | H178: INDIA | I178: Tamil Nadu | J178: Chennai | K178: =IFERROR(INDEX(Sheet2!$C$2:$C$1132,MATCH(Sheet1!C178,Sheet1!$C$2:$C$1132,0)),"") -> 35000 | L178: =IFERROR(INDEX(Sheet2!$D$2:$D$1132,MATCH(Sheet1!C178,$C$2:$C$1132,0)),"") -> 70000 | M178: =IFERROR(INDEX($M$2:$M$1132,MATCH(B178,$B$2:$B$1132,0)),"") -> SQL, EXCEL, POWERBI, TABLEAU | N178: ENTRY-LEVEL | O178: NAUKARI
A179: 18027 | B179: DATA ANALYST | C179: CSV HEALTH | D179: =IFERROR(INDEX(Sheet2!$B$2:$B$1132,MATCH(Sheet1!C179,Sheet1!$C$2:$C$1132,0)),"IDK") -> HEALTH | E179: INTERNSHIP | F179: WORK FROM HOME | G179: 45476 | H179: INDIA | I179: Delhi | J179: New Delhi | K179: =IFERROR(INDEX(Sheet2!$C$2:$C$1132,MATCH(Sheet1!C179,Sheet1!$C$2:$C$1132,0)),"") -> 25000 | L179: =IFERROR(INDEX(Sheet2!$D$2:$D$1132,MATCH(Sheet1!C179,$C$2:$C$1132,0)),"") -> 50000 | M179: =IFERROR(INDEX($M$2:$M$1132,MATCH(B179,$B$2:$B$1132,0)),"") -> SQL, EXCEL, POWERBI, TABLEAU | N179: ENTRY-LEVEL | O179: INDEED
A180: 18028 | B180: DATA ANALYST | C180: FACEBOOK | D180: =IFERROR(INDEX(Sheet2!$B$2:$B$1132,MATCH(Sheet1!C180,Sheet1!$C$2:$C$1132,0)),"IDK") -> SOCIAL | E180: INTERNSHIP | F180: WORK FROM HOME | G180: 45519 | H180: INDIA | I180: Haryana | J180: Gurgaon | K180: =IFERROR(INDEX(Sheet2!$C$2:$C$1132,MATCH(Sheet1!C180,Sheet1!$C$2:$C$1132,0)),"") -> 30000 | L180: =IFERROR(INDEX(Sheet2!$D$2:$D$1132,MATCH(Sheet1!C180,$C$2:$C$1132,0)),"") -> 60000 | M180: =IFERROR(INDEX($M$2:$M$1132,MATCH(B180,$B$2:$B$1132,0)),"") -> SQL, EXCEL, POWERBI, TABLEAU | N180: ENTRY-LEVEL | O180: MONSTER
A181: 18029 | B181: DATA ANALYST | C181: STIER SOLUTIONS | D181: =IFERROR(INDEX(Sheet2!$B$2:$B$1132,MATCH(Sheet1!C181,Sheet1!$C$2:$C$1132,0)),"IDK") -> FINANCE | E181: INTERNSHIP | F181: WORK FROM HOME | G181: 45328 | H181: INDIA | I181: Haryana | J181: Gurgaon | K181: =IFERROR(INDEX(Sheet2!$C$2:$C$1132,MATCH(Sheet1!C181,Sheet1!$C$2:$C$1132,0)),"") -> 35000 | L181: =IFERROR(INDEX(Sheet2!$D$2:$D$1132,MATCH(Sheet1!C181,$C$2:$C$1132,0)),"") -> 75000 | M181: =IFERROR(INDEX($M$2:$M$1132,MATCH(B181,$B$2:$B$1132,0)),"") -> SQL, EXCEL, POWERBI, TABLEAU | N181: ENTRY-LEVEL | O181: GLASSDOOR
A182: 18030 | B182: DATA ANALYST | C182: OPTUM | D182: =IFERROR(INDEX(Sheet2!$B$2:$B$1132,MATCH(Sheet1!C182,Sheet1!$C$2:$C$1132,0)),"IDK") -> IT | E182: INTERNSHIP | F182: WORK FROM HOME | G182: 45417 | H182: INDIA | I182: Haryana | J182: Gurgaon | K182: =IFERROR(INDEX(Sheet2!$C$2:$C$1132,MATCH(Sheet1!C182,Sheet1!$C$2:$C$1132,0)),"") -> 40000 | L182: =IFERROR(INDEX(Sheet2!$D$2:$D$1132,MATCH(Sheet1!C182,$C$2:$C$1132,0)),"") -> 80000 | M182: =IFERROR(INDEX($M$2:$M$1132,MATCH(B182,$B$2:$B$1132,0)),"") -> SQL, EXCEL, POWERBI, TABLEAU | N182: ENTRY-LEVEL | O182: INDEED
A183: 18031 | B183: DATA ANALYST | C183: TECUMEN LIMITED | D183: =IFERROR(INDEX(Sheet2!$B$2:$B$1132,MATCH(Sheet1!C183,Sheet1!$C$2:$C$1132,0)),"IDK") -> IT | E183: INTERNSHIP | F183: WORK FROM HOME | G183: 45637 | H183: INDIA | I183: Haryana | J183: Gurgaon | K183: =IFERROR(INDEX(Sheet2!$C$2:$C$1132,MATCH(Sheet1!C183,Sheet1!$C$2:$C$1132,0)),"") -> 30000 | L183: =IFERROR(INDEX(Sheet2!$D$2:$D$1132,MATCH(Sheet1!C183,$C$2:$C$1132,0)),"") -> 55000 | M183: =IFERROR(INDEX($M$2:$M$1132,MATCH(B183,$B$2:$B$1132,0)),"") -> SQL, EXCEL, POWERBI, TABLEAU | N183: ENTRY-LEVEL | O183: LINKEDIN
A184: 18032 | B184: DATA ANALYST | C184: MINDSPACE | D184: =IFERROR(INDEX(Sheet2!$B$2:$B$1132,MATCH(Sheet1!C184,Sheet1!$C$2:$C$1132,0)),"IDK") -> IT | E184: INTERNSHIP | F184: WORK FROM HOME | G184: 45460 | H184: INDIA | I184: Haryana | J184: Gurgaon | K184: =IFERROR(INDEX(Sheet2!$C$2:$C$1132,MATCH(Sheet1!C184,Sheet1!$C$2:$C$1132,0)),"") -> 35000 | L184: =IFERROR(INDEX(Sheet2!$D$2:$D$1132,MATCH(Sheet1!C184,$C$2:$C$1132,0)),"") -> 70000 | M184: =IFERROR(INDEX($M$2:$M$1132,MATCH(B184,$B$2:$B$1132,0)),"") -> SQL, EXCEL, POWERBI, TABLEAU | N184: ENTRY-LEVEL | O184: NAUKARI
... A215: 18063 | B215: DATA ANALYST | C215: STIER SOLUTIONS | D215: =IFERROR(INDEX(Sheet2!$B$2:$B$1132,MATCH(Sheet1!C215,Sheet1!$C$2:$C$1132,0)),"IDK") -> FINANCE | E215: INTERNSHIP | F215: WORK FROM HOME | G215: 45420 | H215: INDIA | I215: Karnataka | J215: Bengaluru | K215: =IFERROR(INDEX(Sheet2!$C$2:$C$1132,MATCH(Sheet1!C215,Sheet1!$C$2:$C$1132,0)),"") -> 35000 | L215: =IFERROR(INDEX(Sheet2!$D$2:$D$1132,MATCH(Sheet1!C215,$C$2:$C$1132,0)),"") -> 75000 | M215: =IFERROR(INDEX($M$2:$M$1132,MATCH(B215,$B$2:$B$1132,0)),"") -> SQL, EXCEL, POWERBI, TABLEAU | N215: MID-LEVEL | O215: NAUKARI
A216: 18064 | B216: DATA ANALYST | C216: LINKEDIN | D216: SOCIAL | E216: INTERNSHIP | F216: WORK FROM HOME | G216: 45571 | H216: INDIA | I216: Karnataka | J216: Bengaluru | K216: 45000 | L216: 90000 | M216: =IFERROR(INDEX($M$2:$M$1132,MATCH(B216,$B$2:$B$1132,0)),"") -> SQL, EXCEL, POWERBI, TABLEAU | N216: MID-LEVEL | O216: INDEED
A217: 18065 | B217: DATA ANALYST | C217: STAR HEALTH | D217: HEALTH | E217: INTERNSHIP | F217: WORK FROM HOME | G217: 45356 | H217: INDIA | I217: Tamil Nadu | J217: Chennai | K217: 20000 | L217: 80000 | M217: =IFERROR(INDEX($M$2:$M$1132,MATCH(B217,$B$2:$B$1132,0)),"") -> SQL, EXCEL, POWERBI, TABLEAU | N217: MID-LEVEL | O217: MONSTER
A218: 18066 | B218: DATA ANALYST | C218: LIC | D218: HEALTH | E218: INTERNSHIP | F218: WORK FROM HOME | G218: 45553 | H218: INDIA | I218: Karnataka | J218: Bengaluru | K218: 25000 | L218: 85000 | M218: =IFERROR(INDEX($M$2:$M$1132,MATCH(B218,$B$2:$B$1132,0)),"") -> SQL, EXCEL, POWERBI, TABLEAU | N218: MID-LEVEL | O218: GLASSDOOR
A219: 18067 | B219: DATA ANALYST | C219: ALPHA TECHNOLOGIES | D219: =IFERROR(INDEX(Sheet2!$B$2:$B$1132,MATCH(Sheet1!C219,Sheet1!$C$2:$C$1132,0)),"IDK") -> IT | E219: INTERNSHIP | F219: WORK FROM HOME | G219: 45602 | H219: INDIA | I219: Delhi | J219: NEW | K219: =IFERROR(INDEX(Sheet2!$C$2:$C$1132,MATCH(Sheet1!C219,Sheet1!$C$2:$C$1132,0)),"") -> 35000 | L219: =IFERROR(INDEX(Sheet2!$D$2:$D$1132,MATCH(Sheet1!C219,$C$2:$C$1132,0)),"") -> 70000 | M219: =IFERROR(INDEX($M$2:$M$1132,MATCH(B219,$B$2:$B$1132,0)),"") -> SQL, EXCEL, POWERBI, TABLEAU | N219: MID-LEVEL | O219: INDEED
A220: 18068 | B220: DATA ANALYST | C220: SKILLFIED SOLUTIONS | D220: =IFERROR(INDEX(Sheet2!$B$2:$B$1132,MATCH(Sheet1!C220,Sheet1!$C$2:$C$1132,0)),"IDK") -> IT | E220: INTERNSHIP | F220: WORK FROM HOME | G220: 45596 | H220: INDIA | I220: Delhi | J220: NEW | K220: =IFERROR(INDEX(Sheet2!$C$2:$C$1132,MATCH(Sheet1!C220,Sheet1!$C$2:$C$1132,0)),"") -> 25000 | L220: =IFERROR(INDEX(Sheet2!$D$2:$D$1132,MATCH(Sheet1!C220,$C$2:$C$1132,0)),"") -> 60000 | M220: =IFERROR(INDEX($M$2:$M$1132,MATCH(B220,$B$2:$B$1132,0)),"") -> SQL, EXCEL, POWERBI, TABLEAU | N220: MID-LEVEL | O220: LINKEDIN
A221: 18069 | B221: DATA ANALYST | C221: MACROS PVT LTD | D221: =IFERROR(INDEX(Sheet2!$B$2:$B$1132,MATCH(Sheet1!C221,Sheet1!$C$2:$C$1132,0)),"IDK") -> IT | E221: INTERNSHIP | F221: WORK FROM HOME | G221: 45463 | H221: INDIA | I221: Uttar Pradesh | J221: Noida | K221: =IFERROR(INDEX(Sheet2!$C$2:$C$1132,MATCH(Sheet1!C221,Sheet1!$C$2:$C$1132,0)),"") -> 25000 | L221: =IFERROR(INDEX(Sheet2!$D$2:$D$1132,MATCH(Sheet1!C221,$C$2:$C$1132,0)),"") -> 75000 | M221: =IFERROR(INDEX($M$2:$M$1132,MATCH(B221,$B$2:$B$1132,0)),"") -> SQL, EXCEL, POWERBI, TABLEAU | N221: MID-LEVEL | O221: NAUKARI
A222: 18070 | B222: DATA ANALYST | C222: INFROSOFT | D222: =IFERROR(INDEX(Sheet2!$B$2:$B$1132,MATCH(Sheet1!C222,Sheet1!$C$2:$C$1132,0)),"IDK") -> SOCIAL | E222: INTERNSHIP | F222: WORK FROM HOME | G222: 45297 | H222: INDIA | I222: Uttar Pradesh | J222: Noida | K222: =IFERROR(INDEX(Sheet2!$C$2:$C$1132,MATCH(Sheet1!C222,Sheet1!$C$2:$C$1132,0)),"") -> 20000 | L222: =IFERROR(INDEX(Sheet2!$D$2:$D$1132,MATCH(Sheet1!C222,$C$2:$C$1132,0)),"") -> 70000 | M222: =IFERROR(INDEX($M$2:$M$1132,MATCH(B222,$B$2:$B$1132,0)),"") -> SQL, EXCEL, POWERBI, TABLEAU | N222: MID-LEVEL | O222: MONSTER
A223: 18071 | B223: DATA ANALYST | C223: INFRATECH LTD | D223: =IFERROR(INDEX(Sheet2!$B$2:$B$1132,MATCH(Sheet1!C223,Sheet1!$C$2:$C$1132,0)),"IDK") -> FINANCE | E223: INTERNSHIP | F223: WORK FROM HOME | G223: 45513 | H223: INDIA | I223: Uttar Pradesh | J223: Noida | K223: =IFERROR(INDEX(Sheet2!$C$2:$C$1132,MATCH(Sheet1!C223,Sheet1!$C$2:$C$1132,0)),"") -> 40000 | L223: =IFERROR(INDEX(Sheet2!$D$2:$D$1132,MATCH(Sheet1!C223,$C$2:$C$1132,0)),"") -> 85000 | M223: =IFERROR(INDEX($M$2:$M$1132,MATCH(B223,$B$2:$B$1132,0)),"") -> SQL, EXCEL, POWERBI, TABLEAU | N223: MID-LEVEL | O223: INDEED
A224: 18072 | B224: DATA ANALYST | C224: ALPHA TECHNOLOGIES | D224: =IFERROR(INDEX(Sheet2!$B$2:$B$1132,MATCH(Sheet1!C224,Sheet1!$C$2:$C$1132,0)),"IDK") -> IT | E224: INTERNSHIP | F224: WORK FROM HOME | G224: 45373 | H224: INDIA | I224: Uttar Pradesh | J224: Noida | K224: =IFERROR(INDEX(Sheet2!$C$2:$C$1132,MATCH(Sheet1!C224,Sheet1!$C$2:$C$1132,0)),"") -> 35000 | L224: =IFERROR(INDEX(Sheet2!$D$2:$D$1132,MATCH(Sheet1!C224,$C$2:$C$1132,0)),"") -> 70000 | M224: =IFERROR(INDEX($M$2:$M$1132,MATCH(B224,$B$2:$B$1132,0)),"") -> SQL, EXCEL, POWERBI, TABLEAU | N224: MID-LEVEL | O224: LINKEDIN
A225: 18073 | B225: DATA ANALYST | C225: CSV HEALTH | D225: =IFERROR(INDEX(Sheet2!$B$2:$B$1132,MATCH(Sheet1!C225,Sheet1!$C$2:$C$1132,0)),"IDK") -> HEALTH | E225: INTERNSHIP | F225: WORK FROM HOME | G225: 45505 | H225: INDIA | I225: Uttar Pradesh | J225: Noida | K225: =IFERROR(INDEX(Sheet2!$C$2:$C$1132,MATCH(Sheet1!C225,Sheet1!$C$2:$C$1132,0)),"") -> 25000 | L225: =IFERROR(INDEX(Sheet2!$D$2:$D$1132,MATCH(Sheet1!C225,$C$2:$C$1132,0)),"") -> 50000 | M225: =IFERROR(INDEX($M$2:$M$1132,MATCH(B225,$B$2:$B$1132,0)),"") -> SQL, EXCEL, POWERBI, TABLEAU | N225: MID-LEVEL | O225: NAUKARI
A226: 18074 | B226: DATA ANALYST | C226: FACEBOOK | D226: =IFERROR(INDEX(Sheet2!$B$2:$B$1132,MATCH(Sheet1!C226,Sheet1!$C$2:$C$1132,0)),"IDK") -> SOCIAL | E226: INTERNSHIP | F226: WORK FROM HOME | G226: 45415 | H226: INDIA | I226: Delhi | J226: New Delhi | K226: =IFERROR(INDEX(Sheet2!$C$2:$C$1132,MATCH(Sheet1!C226,Sheet1!$C$2:$C$1132,0)),"") -> 30000 | L226: =IFERROR(INDEX(Sheet2!$D$2:$D$1132,MATCH(Sheet1!C226,$C$2:$C$1132,0)),"") -> 60000 | M226: =IFERROR(INDEX($M$2:$M$1132,MATCH(B226,$B$2:$B$1132,0)),"") -> SQL, EXCEL, POWERBI, TABLEAU | N226: MID-LEVEL | O226: INDEED
...

Sheet Sheet2
A1: COMPANY NAME | B1: INDUSTRY | C1: SALARY MIN | D1: SALARY MAX
A2: ALPHA TECHNOLOGIES | B2: IT | C2: 35000 | D2: 70000
A3: CSV HEALTH | B3: HEALTH | C3: 25000 | D3: 50000
A4: FACEBOOK | B4: SOCIAL | C4: 30000 | D4: 60000
A5: STIER SOLUTIONS | B5: FINANCE | C5: 35000 | D5: 75000
A6: OPTUM | B6: IT | C6: 40000 | D6: 80000
A7: TECUMEN LIMITED | B7: IT | C7: 30000 | D7: 55000
A8: MINDSPACE | B8: IT | C8: 35000 | D8: 70000
A9: SKILLFIED SOLUTIONS | B9: IT | C9: 25000 | D9: 60000
A10: MACROS PVT LTD | B10: IT | C10: 25000 | D10: 75000
A11: INFROSOFT | B11: SOCIAL | C11: 20000 | D11: 70000
A12: INFRATECH LTD | B12: FINANCE | C12: 40000 | D12: 85000
A13: SCALE AI SOLUTIONS | B13: IT | C13: 35000 | D13: 90000
... A18: LINKEDIN | B18: SOCIAL | C18: 45000 | D18: 90000

Sheet Sheet3
